<?xml version="1.0"?>
<fact_revenues xmlns:xsi="http://www.w3.org/2001/XMLSchema-instance" 
xsi:noNamespaceSchemaLocation="REVENUE.xsd">


<movie>
<movie_key>1</movie_key>
<movie_name>ACADEMY DINASOURS</movie_name>
<movie_length>120</movie_length>
<movie_release_date>25-09-2013</movie_release_date>
<movie_rating>UG</movie_rating>
<movie_category>Documentry</movie_category>
<movie_id>1</movie_id>
</movie>
<movie>
<movie_key>2</movie_key>
<movie_name>rambo</movie_name>
<movie_length>120</movie_length>
<movie_release_date>25-09-2013</movie_release_date>
<movie_rating>UG</movie_rating>
<movie_category>Documentry</movie_category>
<movie_id>1</movie_id>
</movie>

<category>
<category_key>1</category_key>
<category_name>Documentry</category_name>
</category>
<category>
<category_key>2</category_key>
<category_name>Documentry</category_name>
</category>


<region>
<region_key>1</region_key>
<city>KualaLumpur</city>
<country>Singapoor</country>
</region>
<region>
<region_key>2</region_key>
<city>KualaLumpur</city>
<country>Singapoor</country>
</region>

<revenue>
<movie_key>1</movie_key>
<category_key>1</category_key>
<region_key>1</region_key>
<dollarrent>599.99</dollarrent>
</revenue>




<revenue>
<movie_key>2</movie_key>
<category_key>2</category_key>
<region_key>2</region_key>
<dollarrent>599.99</dollarrent>
</revenue>

</fact_revenues>